first_category,0,1,2,3,4,5
Beauty,1.0,0.12043512043512043,0.1285936285936286,0.128982128982129,0.11227661227661227,0.09984459984459984
Books,1.0,0.129407206509105,0.12127082526152654,0.10809763657497094,0.12785741960480435,0.11080976365749709
Electronics,1.0,0.13121476166068682,0.12327011788826243,0.11968221424910302,0.1150691952844695,0.097385955920041
Fashion,1.0,0.12912280701754386,0.12935672514619884,0.11906432748538012,0.11929824561403508,0.1080701754385965
Home,1.0,0.12178051511758119,0.12262038073908174,0.11366181410974244,0.11730123180291153,0.10106382978723404
Sports,1.0,0.11546685673556664,0.13114754098360656,0.1172487526728439,0.1097647897362794,0.09978617248752673
